{
  "graph_info": {
    "source": "datasets/soc-sign-bitcoin-alpha.csv",
    "format": "CSV EdgeList",
    "directed": false,
    "loaded_at": "2025-07-01T12:54:05.065111",
    "original_edges": 24186,
    "final_nodes": 3783,
    "final_edges": 14124,
    "preprocessing": {
      "remove_self_loops": true,
      "remove_isolates": false,
      "largest_component_only": false,
      "original_nodes": 3783,
      "original_edges": 14124,
      "final_nodes": 3783,
      "final_edges": 14124
    }
  },
  "metrics": {
    "basic_stats": {
      "nodes": 3783,
      "edges": 14124,
      "density": 0.002
    },
    "connectivity": {
      "clustering_coefficient": 0.078,
      "connected_components": 5,
      "largest_component_size": 3775
    },
    "centrality_leaders": {
      "degree": {
        "1": 0.1351136964569011,
        "8": 0.07377049180327869,
        "3": 0.06953992596509784,
        "2": 0.06319407720782655,
        "11": 0.06292966684294024
      },
      "betweenness": {
        "1": 0.17779939721853946,
        "2": 0.07366554609163797,
        "8": 0.06297942860328866,
        "4": 0.058072498262130755,
        "11": 0.05523139925748475
      },
      "closeness": {
        "2": 0.44594634958713475,
        "11": 0.4372479881880126,
        "1": 0.42348104377188267,
        "10": 0.41816754633170694,
        "22": 0.41271418326173726
      },
      "eigenvector": {
        "11": 0.1932417439745311,
        "2": 0.17398863899599373,
        "177": 0.1662679509434921,
        "3": 0.15863215898530508,
        "7": 0.1547772417055744
      }
    }
  },
  "communities": {
    "count": 20,
    "sizes": [
      506,
      892,
      620,
      641,
      296,
      40,
      211,
      402,
      79,
      62,
      3,
      3,
      8,
      6,
      3,
      3,
      2,
      2,
      2,
      2
    ],
    "modularity": 0.4597647171418005
  },
  "influential_nodes": {
    "degree": [
      [
        "1",
        0.1351136964569011
      ],
      [
        "8",
        0.07377049180327869
      ],
      [
        "3",
        0.06953992596509784
      ],
      [
        "2",
        0.06319407720782655
      ],
      [
        "11",
        0.06292966684294024
      ],
      [
        "7",
        0.06187202538339503
      ],
      [
        "177",
        0.060549973558963514
      ],
      [
        "4",
        0.05843469063987308
      ],
      [
        "15",
        0.05631940772078266
      ],
      [
        "5",
        0.05023796932839767
      ]
    ],
    "betweenness": [
      [
        "1",
        0.17779939721853946
      ],
      [
        "2",
        0.07366554609163797
      ],
      [
        "8",
        0.06297942860328866
      ],
      [
        "4",
        0.058072498262130755
      ],
      [
        "11",
        0.05523139925748475
      ],
      [
        "15",
        0.05494274082143414
      ],
      [
        "3",
        0.049056974176190954
      ],
      [
        "13",
        0.04208989979999859
      ],
      [
        "10",
        0.040026061754108465
      ],
      [
        "177",
        0.03881680070309621
      ]
    ],
    "closeness": [
      [
        "2",
        0.44594634958713475
      ],
      [
        "11",
        0.4372479881880126
      ],
      [
        "1",
        0.42348104377188267
      ],
      [
        "10",
        0.41816754633170694
      ],
      [
        "22",
        0.41271418326173726
      ],
      [
        "95",
        0.40801916817587786
      ],
      [
        "4",
        0.40744530155397085
      ],
      [
        "9",
        0.4054275941719618
      ],
      [
        "15",
        0.404513095839243
      ],
      [
        "26",
        0.40351622439337326
      ]
    ],
    "eigenvector": [
      [
        "11",
        0.1932417439745311
      ],
      [
        "2",
        0.17398863899599373
      ],
      [
        "177",
        0.1662679509434921
      ],
      [
        "3",
        0.15863215898530508
      ],
      [
        "7",
        0.1547772417055744
      ],
      [
        "8",
        0.15117752768083503
      ],
      [
        "26",
        0.14739840421359685
      ],
      [
        "1",
        0.13645539638601137
      ],
      [
        "95",
        0.13095774210890032
      ],
      [
        "24",
        0.12948629905537826
      ]
    ]
  },
  "robustness": null,